{"Sedes":[{"Nombre":"LICEO JUANA ROSS DE EDWARDS","Mesas":[{"Numero":1,"Personas":[{"Nombre":"Rachel","Rut":"11.111.111-5","Apellidos":"Sanchez","Tipo":"Votante","Partido":"PC","Direccion":"El Vergel 203,Valparaiso"}]}],"Direccion":"Argentina 871,Valparaiso"},{"Nombre":"LICEO TECNOLOGICO VILLA ALEMANA","Mesas":[{"Numero":1,"Personas":[{"Nombre":"nombre4","Rut":"11.222.333.-4","Apellidos":"apellido4","Tipo":"Votante","Partido":"PPD","Direccion":"Mirador 110,Villa Alemana"}]}],"Direccion":"Valparaiso 133,Villa Alemana"},{"Nombre":"PUCV","Mesas":[{"Numero":1,"Personas":[{"Nombre":"Pedro Juan","Rut":"11.111.111-1","Apellidos":"Soto Perez","Tipo":"Votante","Partido":"00","Direccion":"Condell 1546,Valparaiso"},{"Nombre":"Juan Pedro","Rut":"11.111.111-2","Apellidos":"Soto Perez","Tipo":"Votante","Partido":"00","Direccion":"Condell 1546,Valparaiso"},{"Nombre":"cosme","Rut":"11.111.111-3","Apellidos":"fulanito","Tipo":"Votante","Partido":"PC","Direccion":"Labruyere 284,Valparaiso"},{"Nombre":"nombre1","Rut":"22.222.222-1","Apellidos":"apellido1","Tipo":"Votante","Partido":"RN","Direccion":"Valparaíso 298,Valparaíso"},{"Nombre":"nombre2","Rut":"22.222.222-2","Apellidos":"apellido2","Tipo":"Votante","Partido":"RN","Direccion":"Valparaíso 298,Valparaíso"},{"Nombre":"nombre3","Rut":"22.222.222-3","Apellidos":"apellido3","Tipo":"Votante","Partido":"PPD","Direccion":"Pedro Montt 2585,Valparaíso"}]}],"Direccion":"Brasil 2950,Valparaiso"}]}