{"Sedes":[{"Nombre":"LICEO JUANA ROSS DE EDWARDS","Mesas":[{"Personas":[{"Nombre":"Rachel","rut":"11.111.111-5","Apellidos":"Sanchez","tipo":"Votante","Direccion":"El Vergel 203,Valparaiso"}],"numero":1}],"Direccion":"Argentina 871,Valparaiso"},{"Nombre":"LICEO TECNOLOGICO VILLA ALEMANA","Mesas":[{"Personas":[{"Nombre":"nombre4","rut":"11.222.333.-4","Apellidos":"apellido4","tipo":"Votante","Direccion":"Mirador 110,Villa Alemana"}],"numero":1}],"Direccion":"Valparaiso 133,Villa Alemana"},{"Nombre":"PUCV","Mesas":[{"Personas":[{"Nombre":"Pedro Juan","rut":"11.111.111-1","Apellidos":"Soto Perez","tipo":"Votante","Direccion":"Condell 1546,Valparaiso"},{"Nombre":"Juan Pedro","rut":"11.111.111-2","Apellidos":"Soto Perez","tipo":"Votante","Direccion":"Condell 1546,Valparaiso"},{"Nombre":"cosme","rut":"11.111.111-3","Apellidos":"fulanito","tipo":"Votante","Direccion":"Labruyere 284,Valparaiso"},{"Nombre":"nombre1","rut":"22.222.222-1","Apellidos":"apellido1","tipo":"Votante","Direccion":"Valparaíso 298,Valparaíso"},{"Nombre":"nombre2","rut":"22.222.222-2","Apellidos":"apellido2","tipo":"Votante","Direccion":"Valparaíso 298,Valparaíso"},{"Nombre":"nombre3","rut":"22.222.222-3","Apellidos":"apellido3","tipo":"Votante","Direccion":"Pedro Montt 2585,Valparaíso"}],"numero":1}],"Direccion":"Brasil 2950,Valparaiso"}]}